Workbook

Sheet Pasaporte - HC
H1: Nombre | I1: Mahalia
H2: Nombre
H3: Apellido | I3: Henson
H4: Apellido de casada
H5: Género: . | I5: Femenino
H6: Pasaporte | I6: NYB4C1960
H7: Fecha de nacimiento | I7: 26647
H8: Edad | I8: 53 años
H9: Estado civil
H10: Dirección | I10: Guana weg 14, Buena vista
H11: Nacionalidad y domicilio: | I11: Curazao, Países bajos
H12: Email: | I12: hailahenson@gmail.com
H13: Teléfono | I13: =59995177466 -> 59995177466
H14: Profesión | I14: Contabilidad
H15: RH
H16: Seguro | I16: SVB
H17: Peso | I17: 75kg
H18: Altura | I18: 1.60 m
H19: Idioma | I19: Papiamento, Holandes, inglés y Español
H21: Salud
H22: Estadia | I22: 04 de octubre
H27: Nombre | I27: Shaimarie Eufemia
H28: Nombre
H29: Apellido | I29: Job
H30: Apellido de casada
H31: Género: . | I31: Femenino
H32: Pasaporte | I32: NP63RD418
H33: Fecha de nacimiento | I33: 32705
H34: Edad | I34: 36 años
H35: Estado civil
H36: Dirección | I36: Steenen koraal 105
H37: Nacionalidad y domicilio: | I37: Willemstad, Curazao
H38: Email: | I38: shaimarieshai8907@gmail.com
H39: Teléfono | I39: =59995177466 -> 59995177466
H40: Profesión | I40: Contable
H41: RH | I41: O+
H42: Seguro | I42: SVB
H43: Peso | I43: 82,7 kg
H44: Altura | I44: 1.61 M
H45: Idioma | I45: Inglés, español, neerlandés, papiamento
H47: Salud
H48: Estadia | I48: 04 de octubre
H53: Nombre
H54: Nombre
H55: Apellido
H56: Apellido de casada
H57: Género: .
H58: Pasaporte
H59: Fecha de nacimiento
H60: Edad
H61: Estado civil
H62: Dirección
H63: Nacionalidad y domicilio:
H64: Email:
... H73: Salud

Sheet DETALLE DE SERVICIOS
C3: DETALLE DE LOS SERVICIOS
C4: Concepto | D4: Mahaila | E4: Shaimarie
B5: =COSTEO!D5 -> M - S | C5: =COSTEO!E5 -> Póliza de asistencia médica al viajero - producto visitor por 06 días | D5: =COSTEO!M5 -> 9.2105263 | E5: =COSTEO!N5 -> 9.2105263
B6: =COSTEO!D6 -> M - S | C6: =COSTEO!E6 -> Sim card física | D6: =COSTEO!M6 -> 2.6315789 | E6: =COSTEO!N6 -> 2.6315789
B7: =COSTEO!D7 -> M - S | C7: =COSTEO!E7 -> Recarga 10 gigas de datos | D7: =COSTEO!M7 -> 4.2105263 | E7: =COSTEO!N7 -> 4.2105263
B8: =COSTEO!D8 -> M - S | C8: =COSTEO!E8 -> Traslado aeropuerto - hotel - aeropuerto en CARRO | D8: =COSTEO!M8 -> 40.138224 | E8: =COSTEO!N8 -> 40.138224
B9: =COSTEO!D9 | C9: =COSTEO!E9 -> Paquete de chequeo médico | D9: =COSTEO!M9 -> 485 | E9: =COSTEO!N9 -> 485
B10: =COSTEO!D10 -> M - S | C10: =COSTEO!E10 -> Citología cervical | D10: =COSTEO!M10 | E10: =COSTEO!N10
B11: =COSTEO!D11 -> M - S | C11: =COSTEO!E11 -> Domicilio | D11: =COSTEO!M11 | E11: =COSTEO!N11
B12: =COSTEO!D12 -> M - S | C12: =COSTEO!E12 -> Coprológico | D12: =COSTEO!M12 | E12: =COSTEO!N12
B13: =COSTEO!D13 -> M - S | C13: =COSTEO!E13 -> Vitamina D25 | D13: =COSTEO!M13 | E13: =COSTEO!N13
B14: =COSTEO!D14 -> M - S | C14: =COSTEO!E14 -> Vitamina B12 | D14: =COSTEO!M14 | E14: =COSTEO!N14
B15: =COSTEO!D15 -> M - S | C15: =COSTEO!E15 -> Perfil lipídico | D15: =COSTEO!M15 | E15: =COSTEO!N15
B16: =COSTEO!D16 -> M - S | C16: =COSTEO!E16 -> Colesterol HDL | D16: =COSTEO!M16 | E16: =COSTEO!N16
... B76: =COSTEO!D76 -> S | C76: =COSTEO!E76 -> Tomografía de tórax | D76: =COSTEO!M76 | E76: =COSTEO!N76 -> 77.192982
B77: =COSTEO!D79 | C77: =COSTEO!E79 -> ORDEN ESPECIALISTAS | D77: =COSTEO!M79 | E77: =COSTEO!N79
B78: =COSTEO!D80 -> M | C78: =COSTEO!E80 -> Consulta con especialista en REUMATOLOGÍA | D78: =COSTEO!M80 -> 82.236842 | E78: =COSTEO!N80
B79: =COSTEO!D81 -> S | C79: =COSTEO!E81 -> Consulta con especialista en NEUMOLOGÍA | D79: =COSTEO!M81 | E79: =COSTEO!N81 -> 82.236842
B80: =COSTEO!D82 -> S | C80: =COSTEO!E82 -> Consulta con especialista en ALERGÓLOGO | D80: =COSTEO!M82 | E80: =COSTEO!N82 -> 82.236842
B81: =COSTEO!D83 -> S | C81: =COSTEO!E83 -> Consulta con especialista en ODONTOLOGÍA | D81: =COSTEO!M83 | E81: =COSTEO!N83 -> 0
B82: =COSTEO!D84 -> S | C82: =COSTEO!E84 -> Consulta con especialista en GINECOLOGÍA - Incluye ecografía transvaginal | D82: =COSTEO!M84 | E82: =COSTEO!N84 -> 102.33918
B83: =COSTEO!D85 -> M - S | C83: =COSTEO!E85 -> 05 Traslados hotel - clínica por trayecto | D83: =COSTEO!M85 -> 32.894737 | E83: =COSTEO!N85 -> 32.894737
B84: =COSTEO!D86 -> M - S | C84: =COSTEO!E86 -> Medical Trip Colombia SAS - Acompañamiento virtual | D84: =COSTEO!M86 -> 34.626039 | E84: =COSTEO!N86 -> 34.626039
B85: =COSTEO!D87 -> M - S | C85: =COSTEO!E87 -> Acompañamiento presencial en español para citas y exámenes | D85: =COSTEO!M87 -> 79.778393 | E85: =COSTEO!N87 -> 79.778393
B86: M - S | C86: Impuesto bancario 4 * 1000 | D86: =COSTEO!M91 -> 5.2343391 | E86: =COSTEO!N91 -> 6.195545
C87: TOTAL A PAGAR | D87: =SUM(D5:D86) -> 1313.6577 | E87: =SUM(E5:E86) -> 1554.7843

Sheet COSTEO
X2: Libro diario contable
C3: PAGOS | M3: 3800 | P3: PAGOS | U3: ESTADO DE CUENTA | X3: PAGOS
B4: ACV documentos | C4: Contabilidad | D4: Operativo | E4: Concepto | F4: Proveedor | G4: Valor | H4: Días | I4: Mahaila | J4: Shaimarie | L4: Comisionable | M4: Mahaila | N4: Shaimarie | P4: Mahaila | Q4: Shaimarie | R4: RTE FUENTE | S4: Valor pagado | U4: Valor Neto cobrado al cliente | V4: DIFERENCIA | X4: PROVEEDOR - NOMBRE COMERCIAL | Y4: ID | Z4: Fecha del pago | AA4: Valor del pago | AB4: Forma de pago de donde salió el dinero | AC4: Tipo de movimiento | AD4: Comentarios | AF4: Valor del pago | AG4: Forma de pago de donde salió el dinero | AH4: Tipo de movimiento | AI4: Comentarios
D5: M - S | E5: Póliza de asistencia médica al viajero - producto visitor por 06 días | F5: Colasistencia | G5: 3500 | H5: 6 | I5: =G5*H5 -> 21000 | J5: =G5*H5 -> 21000 | L5: =I5/0.6 -> 35000 | M5: =L5/$M$3 -> 9.2105263 | N5: =L5/$M$3 -> 9.2105263
D6: M - S | E6: Sim card física | F6: Claro | G6: 6000 | H6: 1 | I6: =G6*H6 -> 6000 | J6: =G6*H6 -> 6000 | L6: =I6/0.6 -> 10000 | M6: =L6/$M$3 -> 2.6315789 | N6: =L6/$M$3 -> 2.6315789
D7: M - S | E7: Recarga 10 gigas de datos | F7: Claro | G7: 12000 | H7: 1 | I7: =G7*H7 -> 12000 | J7: =G7*H7 -> 12000 | L7: =I7/0.75 -> 16000 | M7: =L7/$M$3 -> 4.2105263 | N7: =L7/$M$3 -> 4.2105263
D8: M - S | E8: Traslado aeropuerto - hotel - aeropuerto en CARRO | F8: Aeroturex | G8: 151000 | H8: 2 | I8: =G8*H8/2 -> 151000 | J8: =H8*I8/2 -> 151000 | L8: =I8/0.99 -> 152525.25 | M8: =L8/$H$93 -> 40.138224 | N8: =L8/$M$3 -> 40.138224
E9: Paquete de chequeo médico | H9: 0 | I9: 1350000 | J9: 1350000 | M9: 485 | N9: 485
D10: M - S | E10: Citología cervical | F10: CIMA
D11: M - S | E11: Domicilio | F11: Echavarria
D12: M - S | E12: Coprológico | F12: Echavarria
D13: M - S | E13: Vitamina D25 | F13: Echavarria
D14: M - S | E14: Vitamina B12 | F14: Echavarria
D15: M - S | E15: Perfil lipídico
D16: M - S | E16: Colesterol HDL | F16: Echavarria
D17: M - S | E17: Colesterol LDL | F17: Echavarria
D18: M - S | E18: Colesterol total | F18: Echavarria
D19: M - S | E19: Triglicéridos | F19: Echavarria
D20: M - S | E20: Perfil Hepático
D21: M - S | E21: ALT- Alanina transferasa | F21: Echavarria
D22: M - S | E22: AST - aspartato transferasa | F22: Echavarria
D23: M - S | E23: Bilirrubina total y directa | F23: Echavarria
D24: M - S | E24: Gama Glutamil transferasa | F24: Echavarria
D25: M - S | E25: Perfil Renal
D26: M - S | E26: Creatinina | F26: Echavarria
D27: M - S | E27: Uroanálisis | F27: Echavarria
D28: M - S | E28: Nitrógeno Ureico en Sangre (BUN) | F28: Echavarria
D29: M - S | E29: Sangre
D30: M - S | E30: Hemograma completo | F30: Echavarria
D31: M - S | E31: Hemoglobina glicosilada | F31: Echavarria | AF31: 1000000 | AG31: JENNY BANCOLOMBIA | AH31: TRANSFERENCIA
D32: M - S | E32: Ferritina | F32: Echavarria
D33: M - S | E33: Glucosa sérica | F33: Echavarria
D34: M - S | E34: Perfil Tiroideo
D35: M - S | E35: T4 total | F35: Echavarria
D36: M - S | E36: TSH | F36: Echavarria | AF36: 540000 | AG36: JENNY BANCOLOMBIA | AH36: TRANSFERENCIA
D37: M - S | E37: Enfermedades de transmisión sexual | AF37: 280000 | AG37: JENNY BANCOLOMBIA | AH37: TRANSFERENCIA
D38: M - S | E38: VDRL | F38: Echavarria
D39: M - S | E39: VIH 1 Y 2, Anticuerpos | F39: Echavarria
D40: M - S | E40: Imágenes diagnósticas
D41: M | E41: Radiografía de tórax | F41: CIMA | P41: 64400
D42: M | E42: Mamografía | F42: CIMA
D43: S | E43: Ecografía de mama | F43: CIMA
D44: M - S | E44: Ecografía de abdomen total | F44: CIMA | P44: 109296
D45: M - S | E45: Electrocardiograma | F45: CIMA
D46: M - S | E46: Cita con especialista en MEDICINA INTERNA - CARDIOLOGÍA | F46: HPTU
D47: M - S | E47: 04 Traslados hotel - clínica por trayecto | F47: YENNY
D48: M - S | E48: Medical Trip Colombia SAS - Acompañamiento virtual y presencial para exámenes y citas | F48: YENNY
E49: ÓRDENES MÉDICAS
D50: M - S | E50: Tiempo de tromboplastina parcial TTP | F50: Echavarria | G50: 25000 | H50: 1 | I50: =G50*H50 -> 25000 | J50: =G50*H50 -> 25000 | L50: =I50/0.7 -> 35714.286 | M50: =L50/$H$93 -> 9.3984962 | N50: =L50/$H$93 -> 9.3984962
D51: M - S | E51: Tiempo de protrombina PT | F51: Echavarria | G51: 30000 | H51: 1 | I51: =G51*H51 -> 30000 | J51: =G51*H51 -> 30000 | L51: =I51/0.7 -> 42857.143 | M51: =L51/$H$93 -> 11.278195 | N51: =L51/$H$93 -> 11.278195
D52: M - S | E52: Homocisteína sérica (HCYSP) | F52: Echavarria | G52: 108000 | H52: 1 | I52: =G52*H52 -> 108000 | J52: =G52*H52 -> 108000 | L52: =I52/0.8 -> 135000 | M52: =L52/$H$93 -> 35.526316 | N52: =L52/$H$93 -> 35.526316
D53: M - S | E53: Frotis de sangre periférica - (extendido de sangre periférica estudio de morfología) | F53: Echavarria | G53: 45000 | H53: 1 | I53: =G53*H53 -> 45000 | J53: =G53*H53 -> 45000 | L53: =I53/0.7 -> 64285.714 | M53: =L53/$H$93 -> 16.917293 | N53: =L53/$H$93 -> 16.917293
D54: M - S | E54: Test de sicklemia: (Células Falciformes-drepanocitosis) | F54: Echavarria | G54: 40000 | H54: 1 | I54: =G54*H54 -> 40000 | J54: =G54*H54 -> 40000 | L54: =I54/0.7 -> 57142.857 | M54: =L54/$H$93 -> 15.037594 | N54: =L54/$H$93 -> 15.037594
D55: M - S | E55: Paratohormona | F55: Echavarria | G55: 116000 | H55: 1 | I55: =G55*H55 -> 116000 | J55: =G55*H55 -> 116000 | L55: =I55/0.85 -> 136470.59 | M55: =L55/$H$93 -> 35.913313 | N55: =L55/$H$93 -> 35.913313
D56: M - S | E56: G6PD (glucosa-6-fosfato deshidrogenasa) Prueba cualitativa | F56: Echavarria | G56: 50000 | H56: 1 | I56: =G56*H56 -> 50000 | J56: =G56*H56 -> 50000 | L56: =I56/0.7 -> 71428.571 | M56: =L56/$H$93 -> 18.796992 | N56: =L56/$H$93 -> 18.796992
D57: M - S | E57: Citología Papanicolaou | F57: CIMA | G57: 50000 | H57: 1 | I57: =G57*H57 -> 50000 | J57: =G57*H57 -> 50000 | L57: =I57/0.75 -> 66666.667 | M57: =L57/$H$93 -> 17.54386 | N57: =L57/$H$93 -> 17.54386
D58: M | E58: Anticuerpos Nucleares ANA | F58: Echavarria | G58: 43000 | H58: 1 | I58: =G58*H58 -> 43000 | L58: =I58/0.6 -> 71666.667 | M58: =L58/$H$93 -> 18.859649
D59: M - S | E59: Anti HBc | F59: Echavarria | G59: 50000 | H59: 1 | I59: =G59*H59 -> 50000 | J59: =G59*H59 -> 50000 | L59: =I59/0.7 -> 71428.571 | M59: =L59/$H$93 -> 18.796992 | N59: =L59/$H$93 -> 18.796992
D60: M - S | E60: Anticuerpos Ig G Cardiolipina | F60: Echavarria | G60: 60000 | H60: 1 | I60: =G60*H60 -> 60000 | J60: =G60*H60 -> 60000 | L60: =I60/0.7 -> 85714.286 | M60: =L60/$H$93 -> 22.556391 | N60: =L60/$H$93 -> 22.556391
D61: M - S | E61: Anticuerpos Ig M Cardiolipina | F61: Echavarria | G61: 60000 | H61: 1 | I61: =G61*H61 -> 60000 | J61: =G61*H61 -> 60000 | L61: =I61/0.7 -> 85714.286 | M61: =L61/$H$93 -> 22.556391 | N61: =L61/$H$93 -> 22.556391
D62: M | E62: Anti -ds ADN doble cadena | F62: Echavarria | G62: 80000 | H62: 1 | I62: =G62*H62 -> 80000 | L62: =I62/0.8 -> 100000 | M62: =L62/$H$93 -> 26.315789
D63: M | E63: Complemento Sérico C3 Cuantitativo por nefelometría | F63: Echavarria | G63: 30000 | H63: 1 | I63: =G63*H63 -> 30000 | L63: =I63/0.6 -> 50000 | M63: =L63/$H$93 -> 13.157895
D64: M | E64: Complemento Sérico C4 Cuantitativo por nefelometría | F64: Echavarria | G64: 35000 | H64: 1 | I64: =G64*H64 -> 35000 | L64: =I64/0.6 -> 58333.333 | M64: =L64/$H$93 -> 15.350877
D65: S | E65: Niveles de Ig E en sangre cualitativa | F65: Echavarria | G65: 50000 | H65: 1 | J65: =G65*H65 -> 50000 | L65: =J65/0.7 -> 71428.571 | N65: =L65/$H$93 -> 18.796992
D66: S | E66: Niveles de Ig E en sangre cuantitativa | F66: Echavarria | G66: 50000 | H66: 1 | J66: =G66*H66 -> 50000 | L66: =J66/0.7 -> 71428.571 | N66: =L66/$H$93 -> 18.796992
D67: S | E67: Eosinofilos en moco nasal | F67: Echavarria | G67: 30000 | H67: 1 | J67: =G67*H67 -> 30000 | L67: =J67/0.7 -> 42857.143 | N67: =L67/$H$93 -> 11.278195
D68: M | E68: Fosfolípidos, anticuerpos IG M | F68: Echavarria | G68: 75600 | H68: 1 | I68: =G68*H68 -> 75600 | L68: =I68/0.6 -> 126000 | M68: =L68/$H$93 -> 33.157895
D69: M | E69: Fosfolípidos, anticuerpos IG G | F69: Echavarria | G69: 75600 | H69: 1 | I69: =G69*H69 -> 75600 | L69: =I69/0.6 -> 126000 | M69: =L69/$H$93 -> 33.157895
D70: M | E70: Ecografía del corazón - ecocardiografía | G70: 320000 | H70: 1 | I70: =G70*H70 -> 320000 | L70: =I70/0.85 -> 376470.59 | M70: =L70/$H$93 -> 99.071207
D71: M | E71: Prueba de esfuerzo cardíaco | G71: 240000 | H71: 1 | I71: =G71*H71 -> 240000 | L71: =I71/0.85 -> 282352.94 | M71: =L71/$H$93 -> 74.303406
D72: S | E72: Radiografía panorámica dental | G72: 45000 | H72: 1 | J72: =G72*H72 -> 45000 | L72: =J72/0.7 -> 64285.714 | N72: =L72/$H$93 -> 16.917293
D73: S | E73: Prick test de alergia ambiente | G73: 335000 | H73: 1 | J73: =G73*H73 -> 335000 | L73: =J73/0.9 -> 372222.22 | N73: =L73/$H$93 -> 97.953216
D74: S | E74: Prick test de alergia alimentos | G74: 335000 | H74: 1 | J74: =G74*H74 -> 335000 | L74: =J74/0.9 -> 372222.22 | N74: =L74/$H$93 -> 97.953216
D75: S | E75: Espirometría | F75: CIMA | G75: 80000 | H75: 1 | J75: =G75*H75 -> 80000 | L75: =J75/0.7 -> 114285.71 | N75: =L75/$H$93 -> 30.075188 | Q75: 60000
D76: S | E76: Tomografía de tórax | F76: IVS | G76: 220000 | H76: 1 | J76: =G76*H76 -> 220000 | L76: =J76/0.75 -> 293333.33 | N76: =L76/$H$93 -> 77.192982 | Q76: 195040
E77: TRATAMIENTO
D78: S | E78: Técnica de Pomeroy: Procedimiento quirúrgico de ligadura de trompas de Falopio | H78: 1 | J78: =G78*H78 -> 0 | L78: =J78/0.7 -> 0 | N78: =L78/$H$93 -> 0
E79: ORDEN ESPECIALISTAS
D80: M | E80: Consulta con especialista en REUMATOLOGÍA | F80: HPTU | G80: 250000 | H80: 1 | I80: =G80*H80 -> 250000 | L80: =I80/0.8 -> 312500 | M80: =L80/$H$93 -> 82.236842
D81: S | E81: Consulta con especialista en NEUMOLOGÍA | F81: HPTU | G81: 250000 | H81: 1 | J81: =G81*H81 -> 250000 | L81: =J81/0.8 -> 312500 | N81: =L81/$H$93 -> 82.236842
D82: S | E82: Consulta con especialista en ALERGÓLOGO | F82: HPTU | G82: 250000 | H82: 1 | J82: =G82*H82 -> 250000 | L82: =J82/0.8 -> 312500 | N82: =L82/$H$93 -> 82.236842
D83: S | E83: Consulta con especialista en ODONTOLOGÍA | F83: ALTA ESTÉTICA DENTAL | G83: 0 | H83: 1 | J83: =G83*H83 -> 0 | L83: =J83/0.7 -> 0 | N83: =L83/$H$93 -> 0
D84: S | E84: Consulta con especialista en GINECOLOGÍA - Incluye ecografía transvaginal | F84: UNIVHERSE | G84: 350000 | H84: 1 | J84: =G84*H84 -> 350000 | L84: =J84/0.9 -> 388888.89 | N84: =L84/$H$93 -> 102.33918
D85: M - S | E85: 05 Traslados hotel - clínica por trayecto | F85: Yenny Roberto | G85: 45000 | H85: 5 | I85: =G85*H85/2 -> 112500 | J85: =G85*H85/2 -> 112500 | L85: =I85/0.9 -> 125000 | M85: =L85/$H$93 -> 32.894737 | N85: =L85/$H$93 -> 32.894737
D86: M - S | E86: Medical Trip Colombia SAS - Acompañamiento virtual | F86: Dayana | G86: 250000 | H86: 1 | I86: =G86*H86/2 -> 125000 | J86: =G86*H86/2 -> 125000 | L86: =I86/0.95 -> 131578.95 | M86: =L86/$H$93 -> 34.626039 | N86: =L86/$H$93 -> 34.626039
D87: M - S | E87: Acompañamiento presencial en español para citas y exámenes | F87: Yenny Roberto | G87: 180000 | H87: 3.2 | I87: =G87*H87/2 -> 288000 | J87: =G87*H87/2 -> 288000 | L87: =I87/0.95 -> 303157.89 | M87: =L87/$H$93 -> 79.778393 | N87: =L87/$H$93 -> 79.778393
D88: M - S | E88: Caja menor | F88: Yenny Roberto | G88: 20000 | H88: 1 | I88: =G88*H88 -> 20000 | J88: =G88*H88 -> 20000
H89: Total neto | I89: =SUM(I5:I88) -> 3868700 | J89: =SUM(J5:J88) -> 4714500
H90: 0.2 | I90: =I89/0.778 -> 4972622.1 | J90: =J89/0.801 -> 5885767.8 | M90: =SUM(M5:M88) -> 1308.4233 | N90: =SUM(N5:N88) -> 1548.5888
G91: Gastos bancarios | H91: 4 * 1000 | I91: =I90*4/1000 -> 19890.488 | J91: =J90*4/1000 -> 23543.071 | M91: =I91/$H$93 -> 5.2343391 | N91: =J91/$H$93 -> 6.195545
G92: Gastos bancarios | H92: Transferencia internacional
G93: Tasa del dólar | H93: 3800 | I93: =SUM(I90:I92) -> 4992512.6 | J93: =SUM(J90:J92) -> 5909310.9 | M93: =SUM(M90:M92) -> 1313.6577 | N93: =SUM(N90:N92) -> 1554.7843
I94: =I93/$H$93 -> 1313.8191 | J94: =J93/$H$93 -> 1555.0818

Sheet ITINERARIO
C3: ITINERARIO:
C4: Dia | D4: Fecha | E4: Hora | F4: Actividad | G4: ACP horas | H4: Traslado cerca | I4: Traslado lejos
D5: 1 | E5: 45934 | F5: SÁBADO - LLEGADA
F6: Vuelo Curazao - Medellín
F7: Traslado a aeropuerto - hotel
F8: Alojamiento
D9: 2 | E9: 45935 | F9: DOMINGO
F10: DÍA LIBRE
D11: 3 | E11: 45936 | F11: LUNES
F12: No desayunar
B13: Domicilio en el hotel | C13: Echavarría | D13: M - S | E13: 07 - 09 am | F13: Toma de muestras de sangre laboratorio clínico en hotel
F14: Tiempo para desayunar
E15: 10:00 am | F15: Traslado Hotel - Centro médico | G15: 0.7 | H15: 1
B16: Tesoro Torre 2 | C16: Imágenes y especialistas | D16: S | E16: 10:30 am | F16: Radiografía panorámica dental
B17: Tesoro Torre 2 | C17: Alta Estética dental | D17: S | E17: 11:00 am | F17: Cita con especialista en odontología | J17: Blanqueamiento y diseño de sonrisa
F18: Tiempo para almorzar | J18: llamada odontólogo
B19: Tesoro Torre 2 | C19: Univherse | D19: S | E19: 02:00 pm | F19: Cita con especialista en Ginecología | J19: Diseño de sonrisa e implantes ya hablaron con alfonso
B20: Tesoro Torre 2 | C20: Univherse | D20: S | F20: Ecografía transvaginal
E21: 03:00 pm | F21: Traslado Centro médico - Hotel | H21: 1
D22: 4 | E22: 45937 | F22: MARTES
F23: No desayunar
E24: 05:45 am | F24: Traslado Hotel - Centro médico | G24: 1 | H24: 1
B25: Ciudad del rio | C25: CIMA | D25: M - S | E25: 06:00 am | F25: Ecografía de abdomen total
B26: Ciudad del rio | C26: CIMA | D26: S | F26: Ecografía de mama
B27: Ciudad del rio | C27: CIMA | D27: M - S | E27: 06:30 am | F27: Citología cervical
B28: Ciudad del rio | C28: CIMA | D28: M - S | F28: Citología Papanicolaou
B29: Ciudad del rio | C29: CIMA | D29: M | E29: 07:00 am | F29: Mamografía
B30: Ciudad del rio | C30: CIMA | D30: M | F30: Radiografía de tórax
B31: Ciudad del rio | C31: CIMA | D31: M | E31: 08:00 am | F31: Espirometría
B32: Ciudad del rio | C32: CIMA | D32: M - S | E32: 08:30 am | F32: Electrocardiograma
B33: Ciudad del rio | C33: CIMA | D33: M | F33: Ecocardiografía
B34: Ciudad del rio | C34: CIMA | D34: M | F34: Prueba de esfuerzo
E35: 10:00 am | F35: Tiempo para comer algo ligero
E36: 10:30 am | F36: Traslado Centro médico - centro médico | H36: 1
B37: Punto clave | C37: IVS | D37: S | E37: 11:30 am | F37: Tomografía de tórax
E38: 12:30 pm | F38: Traslado Centro médico - Hotel | H38: 1
F39: TARDE LIBRE
D40: 5 | E40: 45938 | F40: MIÉRCOLES
F41: Desayuno en el hotel
E42: 09:00 am | F42: Traslado Hotel - Centro médico | G42: 1 | I42: 1
B43: Mayorca | C43: DANIEL AMAYA | D43: S | E43: 10:00 am | F43: Cita con especialista en Alergología
B44: Mayorca | C44: DANIEL AMAYA | D44: S | F44: Prueba de prick test de ambiente
B45: Mayorca | C45: DANIEL AMAYA | D45: S | F45: Prueba de prick test de alimentos
E46: 12:00 pm | F46: Tiempo para almorzar
F47: Tiempo para conocer o hacer compras en el centro comercial Mayorca, opcional
F48: Traslado Centro médico - Hotel | I48: 1
F49: TARDE LIBRE
D50: 6 | E50: 45939 | F50: JUEVES
F51: Desayuno en el hotel
F52: Traslado Hotel - Centro médico | G52: 0.5 | I52: 1
B53: Robledo | C53: HPTU | D53: M - S | E53: 07:00 am | F53: Cita con especialista en Cardiólogo internista
B54: Robledo | C54: HPTU | D54: M | E54: 10:00 am | F54: Cita con especialista en Reumatología
B55: Robledo | C55: HPTU | D55: S | E55: 11:00 am | F55: Cita con especialista en Neumología
F56: Traslado Centro médico - Hotel | I56: 1
F57: TARDE LIBRE
D58: 7 | E58: 45940 | F58: VIERNES
F59: DÍA LIBRE
D60: 8 | E60: 45941 | F60: SÁBADO
F61: Desayuno en el hotel
F62: Traslado hotel - aeropuerto
F63: Vuelo internacional Curazao - Medellín
G64: =SUM(G5:G63) -> 3.2 | H64: =SUM(H5:H63) -> 5 | I64: =SUM(I5:I63) -> 4

Sheet HOTEL
N1: APARTAMENTOS ESTELAR
N2: =2872668/8 -> 359083.5 | O2: NETA
C13: X NOCHE | F13: 07 NOCHES
C14: 400000 | D14: 6 | E14: =C14*D14 -> 2400000 | F14: 4-5-6-7-8-9 | G14: =E14/4000 -> 600
C15: 490000 | D15: 2 | E15: =C15*D15 -> 980000 | F15: 11 - 12 | G15: =E15/4000 -> 245
C16: TOTAL COP | E16: =SUM(E14:E15) -> 3380000 | F16: TOTAL USD | G16: =SUM(G14:G15) -> 845 | H16: =G16/8 -> 105.625
F17: CAMBIO $4.000

Sheet Vuelo
